task,method,runs,best_val_rmse_mean,best_val_rmse_std,best_test_rmse_mean,best_test_rmse_std,simple_regret_mean,simple_regret_std,best_iteration_mean
toy_synthetic_regression,Bayesian Optimization,5,0.1753002721551697,0.00018096500954376343,0.20143350447700353,0.0003046370841666651,0.0002088986388886549,0.00036716132220702437,8.8
toy_synthetic_regression,HyperRL,5,0.17519724003906806,0.0003546507603994938,0.20203567615953494,0.0006574743459214356,0.00010586652278702369,0.00020109455837684676,7.0
toy_synthetic_regression,Random Search,5,0.17533392038536022,0.00014348858134945018,0.20184175308299349,0.00021369507679212804,0.000242546869079191,0.00030496932989809846,11.2
